{
  "tic_id": "178819686",
  "analyzed_at": "2026-04-11T11:53:26.282504",
  "contributor": "marc",
  "exonit_version": "0.1.0",
  "n_candidates": 2,
  "candidates": [
    {
      "candidate_num": 1,
      "period_days": 12.2773,
      "t0": 1572.8943,
      "duration_days": 0.1228,
      "depth_ppm": 836.8,
      "snr": 17.9,
      "bls_power": 0.0004,
      "n_transits_expected": 121
    },
    {
      "candidate_num": 2,
      "period_days": 5.6055,
      "t0": 1572.039,
      "duration_days": 0.1682,
      "depth_ppm": 472.7,
      "snr": 22.0,
      "bls_power": 0.0003,
      "n_transits_expected": 266
    }
  ],
  "completeness": {
    "radius_grid": [
      0.5,
      1.0,
      1.5,
      2.0,
      3.0,
      4.0,
      6.0,
      8.0,
      10.0
    ],
    "period_grid": [
      0.5,
      1.0,
      2.0,
      5.0,
      10.0,
      20.0,
      30.0,
      40.0
    ],
    "completeness_map": [
      [
        0.0,
        0.0,
        0.0,
        0.0,
        0.0,
        0.0,
        0.0,
        0.0
      ],
      [
        0.0,
        0.0,
        0.0,
        0.0,
        0.0,
        0.0,
        0.0,
        0.0
      ],
      [
        1.0,
        0.0,
        0.0,
        0.0,
        0.0,
        0.0,
        0.0,
        0.0
      ],
      [
        1.0,
        1.0,
        0.0,
        0.0,
        0.0,
        0.0,
        0.0,
        0.0
      ],
      [
        0.6666666666666666,
        1.0,
        0.6666666666666666,
        1.0,
        0.0,
        0.0,
        0.0,
        0.0
      ],
      [
        0.6666666666666666,
        1.0,
        1.0,
        1.0,
        1.0,
        0.0,
        0.0,
        0.0
      ],
      [
        0.3333333333333333,
        0.6666666666666666,
        1.0,
        1.0,
        1.0,
        1.0,
        0.0,
        0.0
      ],
      [
        0.0,
        0.0,
        1.0,
        1.0,
        1.0,
        1.0,
        0.0,
        0.0
      ],
      [
        0.0,
        0.0,
        1.0,
        1.0,
        1.0,
        0.3333333333333333,
        1.0,
        0.0
      ]
    ],
    "details": [
      {
        "radius_earth": 0.5,
        "period_days": 0.5,
        "depth_ppm": 20.976399999999998,
        "detection_prob": 0.0,
        "n_recovered": 0,
        "n_injected": 3
      },
      {
        "radius_earth": 0.5,
        "period_days": 1.0,
        "depth_ppm": 20.976399999999998,
        "detection_prob": 0.0,
        "n_recovered": 0,
        "n_injected": 3
      },
      {
        "radius_earth": 0.5,
        "period_days": 2.0,
        "depth_ppm": 20.976399999999998,
        "detection_prob": 0.0,
        "n_recovered": 0,
        "n_injected": 3
      },
      {
        "radius_earth": 0.5,
        "period_days": 5.0,
        "depth_ppm": 20.976399999999998,
        "detection_prob": 0.0,
        "n_recovered": 0,
        "n_injected": 3
      },
      {
        "radius_earth": 0.5,
        "period_days": 10.0,
        "depth_ppm": 20.976399999999998,
        "detection_prob": 0.0,
        "n_recovered": 0,
        "n_injected": 3
      },
      {
        "radius_earth": 0.5,
        "period_days": 20.0,
        "depth_ppm": 20.976399999999998,
        "detection_prob": 0.0,
        "n_recovered": 0,
        "n_injected": 3
      },
      {
        "radius_earth": 0.5,
        "period_days": 30.0,
        "depth_ppm": 20.976399999999998,
        "detection_prob": 0.0,
        "n_recovered": 0,
        "n_injected": 3
      },
      {
        "radius_earth": 0.5,
        "period_days": 40.0,
        "depth_ppm": 20.976399999999998,
        "detection_prob": 0.0,
        "n_recovered": 0,
        "n_injected": 3
      },
      {
        "radius_earth": 1.0,
        "period_days": 0.5,
        "depth_ppm": 83.90559999999999,
        "detection_prob": 0.0,
        "n_recovered": 0,
        "n_injected": 3
      },
      {
        "radius_earth": 1.0,
        "period_days": 1.0,
        "depth_ppm": 83.90559999999999,
        "detection_prob": 0.0,
        "n_recovered": 0,
        "n_injected": 3
      },
      {
        "radius_earth": 1.0,
        "period_days": 2.0,
        "depth_ppm": 83.90559999999999,
        "detection_prob": 0.0,
        "n_recovered": 0,
        "n_injected": 3
      },
      {
        "radius_earth": 1.0,
        "period_days": 5.0,
        "depth_ppm": 83.90559999999999,
        "detection_prob": 0.0,
        "n_recovered": 0,
        "n_injected": 3
      },
      {
        "radius_earth": 1.0,
        "period_days": 10.0,
        "depth_ppm": 83.90559999999999,
        "detection_prob": 0.0,
        "n_recovered": 0,
        "n_injected": 3
      },
      {
        "radius_earth": 1.0,
        "period_days": 20.0,
        "depth_ppm": 83.90559999999999,
        "detection_prob": 0.0,
        "n_recovered": 0,
        "n_injected": 3
      },
      {
        "radius_earth": 1.0,
        "period_days": 30.0,
        "depth_ppm": 83.90559999999999,
        "detection_prob": 0.0,
        "n_recovered": 0,
        "n_injected": 3
      },
      {
        "radius_earth": 1.0,
        "period_days": 40.0,
        "depth_ppm": 83.90559999999999,
        "detection_prob": 0.0,
        "n_recovered": 0,
        "n_injected": 3
      },
      {
        "radius_earth": 1.5,
        "period_days": 0.5,
        "depth_ppm": 188.78759999999994,
        "detection_prob": 1.0,
        "n_recovered": 3,
        "n_injected": 3
      },
      {
        "radius_earth": 1.5,
        "period_days": 1.0,
        "depth_ppm": 188.78759999999994,
        "detection_prob": 0.0,
        "n_recovered": 0,
        "n_injected": 3
      },
      {
        "radius_earth": 1.5,
        "period_days": 2.0,
        "depth_ppm": 188.78759999999994,
        "detection_prob": 0.0,
        "n_recovered": 0,
        "n_injected": 3
      },
      {
        "radius_earth": 1.5,
        "period_days": 5.0,
        "depth_ppm": 188.78759999999994,
        "detection_prob": 0.0,
        "n_recovered": 0,
        "n_injected": 3
      },
      {
        "radius_earth": 1.5,
        "period_days": 10.0,
        "depth_ppm": 188.78759999999994,
        "detection_prob": 0.0,
        "n_recovered": 0,
        "n_injected": 3
      },
      {
        "radius_earth": 1.5,
        "period_days": 20.0,
        "depth_ppm": 188.78759999999994,
        "detection_prob": 0.0,
        "n_recovered": 0,
        "n_injected": 3
      },
      {
        "radius_earth": 1.5,
        "period_days": 30.0,
        "depth_ppm": 188.78759999999994,
        "detection_prob": 0.0,
        "n_recovered": 0,
        "n_injected": 3
      },
      {
        "radius_earth": 1.5,
        "period_days": 40.0,
        "depth_ppm": 188.78759999999994,
        "detection_prob": 0.0,
        "n_recovered": 0,
        "n_injected": 3
      },
      {
        "radius_earth": 2.0,
        "period_days": 0.5,
        "depth_ppm": 335.62239999999997,
        "detection_prob": 1.0,
        "n_recovered": 3,
        "n_injected": 3
      },
      {
        "radius_earth": 2.0,
        "period_days": 1.0,
        "depth_ppm": 335.62239999999997,
        "detection_prob": 1.0,
        "n_recovered": 3,
        "n_injected": 3
      },
      {
        "radius_earth": 2.0,
        "period_days": 2.0,
        "depth_ppm": 335.62239999999997,
        "detection_prob": 0.0,
        "n_recovered": 0,
        "n_injected": 3
      },
      {
        "radius_earth": 2.0,
        "period_days": 5.0,
        "depth_ppm": 335.62239999999997,
        "detection_prob": 0.0,
        "n_recovered": 0,
        "n_injected": 3
      },
      {
        "radius_earth": 2.0,
        "period_days": 10.0,
        "depth_ppm": 335.62239999999997,
        "detection_prob": 0.0,
        "n_recovered": 0,
        "n_injected": 3
      },
      {
        "radius_earth": 2.0,
        "period_days": 20.0,
        "depth_ppm": 335.62239999999997,
        "detection_prob": 0.0,
        "n_recovered": 0,