{
  "tic_id": "224225541",
  "analyzed_at": "2026-04-11T08:37:01.191656",
  "contributor": "marc",
  "exonit_version": "0.1.0",
  "n_candidates": 2,
  "candidates": [
    {
      "candidate_num": 1,
      "period_days": 3.8948,
      "t0": 1354.6014,
      "duration_days": 0.5842,
      "depth_ppm": 9559.3,
      "snr": 9.3,
      "bls_power": 0.7534,
      "n_transits_expected": 662
    },
    {
      "candidate_num": 2,
      "period_days": 3.8948,
      "t0": 1355.1662,
      "duration_days": 0.5842,
      "depth_ppm": 7112.8,
      "snr": 10.6,
      "bls_power": 0.3789,
      "n_transits_expected": 662
    }
  ],
  "completeness": {
    "radius_grid": [
      0.5,
      1.0,
      1.5,
      2.0,
      3.0,
      4.0,
      6.0,
      8.0,
      10.0
    ],
    "period_grid": [
      0.5,
      1.0,
      2.0,
      5.0,
      10.0,
      20.0,
      30.0,
      40.0
    ],
    "completeness_map": [
      [
        0.0,
        0.0,
        0.0,
        0.0,
        0.0,
        0.0,
        0.0,
        0.0
      ],
      [
        0.0,
        0.0,
        0.0,
        0.0,
        0.0,
        0.0,
        0.0,
        0.0
      ],
      [
        0.0,
        0.0,
        0.0,
        0.0,
        0.0,
        0.0,
        0.0,
        0.0
      ],
      [
        0.0,
        0.0,
        0.0,
        0.0,
        0.0,
        0.0,
        0.0,
        0.0
      ],
      [
        0.3333333333333333,
        0.0,
        0.0,
        0.0,
        0.0,
        0.0,
        0.0,
        0.0
      ],
      [
        0.3333333333333333,
        0.0,
        0.0,
        0.0,
        0.0,
        0.0,
        0.0,
        0.0
      ],
      [
        0.0,
        0.0,
        0.0,
        0.0,
        0.0,
        0.0,
        0.0,
        0.0
      ],
      [
        0.0,
        0.0,
        0.0,
        0.0,
        0.0,
        0.0,
        0.0,
        0.0
      ],
      [
        0.0,
        0.0,
        0.0,
        0.0,
        0.0,
        0.0,
        0.0,
        0.0
      ]
    ],
    "details": [
      {
        "radius_earth": 0.5,
        "period_days": 0.5,
        "depth_ppm": 20.976399999999998,
        "detection_prob": 0.0,
        "n_recovered": 0,
        "n_injected": 3
      },
      {
        "radius_earth": 0.5,
        "period_days": 1.0,
        "depth_ppm": 20.976399999999998,
        "detection_prob": 0.0,
        "n_recovered": 0,
        "n_injected": 3
      },
      {
        "radius_earth": 0.5,
        "period_days": 2.0,
        "depth_ppm": 20.976399999999998,
        "detection_prob": 0.0,
        "n_recovered": 0,
        "n_injected": 3
      },
      {
        "radius_earth": 0.5,
        "period_days": 5.0,
        "depth_ppm": 20.976399999999998,
        "detection_prob": 0.0,
        "n_recovered": 0,
        "n_injected": 3
      },
      {
        "radius_earth": 0.5,
        "period_days": 10.0,
        "depth_ppm": 20.976399999999998,
        "detection_prob": 0.0,
        "n_recovered": 0,
        "n_injected": 3
      },
      {
        "radius_earth": 0.5,
        "period_days": 20.0,
        "depth_ppm": 20.976399999999998,
        "detection_prob": 0.0,
        "n_recovered": 0,
        "n_injected": 3
      },
      {
        "radius_earth": 0.5,
        "period_days": 30.0,
        "depth_ppm": 20.976399999999998,
        "detection_prob": 0.0,
        "n_recovered": 0,
        "n_injected": 3
      },
      {
        "radius_earth": 0.5,
        "period_days": 40.0,
        "depth_ppm": 20.976399999999998,
        "detection_prob": 0.0,
        "n_recovered": 0,
        "n_injected": 3
      },
      {
        "radius_earth": 1.0,
        "period_days": 0.5,
        "depth_ppm": 83.90559999999999,
        "detection_prob": 0.0,
        "n_recovered": 0,
        "n_injected": 3
      },
      {
        "radius_earth": 1.0,
        "period_days": 1.0,
        "depth_ppm": 83.90559999999999,
        "detection_prob": 0.0,
        "n_recovered": 0,
        "n_injected": 3
      },
      {
        "radius_earth": 1.0,
        "period_days": 2.0,
        "depth_ppm": 83.90559999999999,
        "detection_prob": 0.0,
        "n_recovered": 0,
        "n_injected": 3
      },
      {
        "radius_earth": 1.0,
        "period_days": 5.0,
        "depth_ppm": 83.90559999999999,
        "detection_prob": 0.0,
        "n_recovered": 0,
        "n_injected": 3
      },
      {
        "radius_earth": 1.0,
        "period_days": 10.0,
        "depth_ppm": 83.90559999999999,
        "detection_prob": 0.0,
        "n_recovered": 0,
        "n_injected": 3
      },
      {
        "radius_earth": 1.0,
        "period_days": 20.0,
        "depth_ppm": 83.90559999999999,
        "detection_prob": 0.0,
        "n_recovered": 0,
        "n_injected": 3
      },
      {
        "radius_earth": 1.0,
        "period_days": 30.0,
        "depth_ppm": 83.90559999999999,
        "detection_prob": 0.0,
        "n_recovered": 0,
        "n_injected": 3
      },
      {
        "radius_earth": 1.0,
        "period_days": 40.0,
        "depth_ppm": 83.90559999999999,
        "detection_prob": 0.0,
        "n_recovered": 0,
        "n_injected": 3
      },
      {
        "radius_earth": 1.5,
        "period_days": 0.5,
        "depth_ppm": 188.78759999999994,
        "detection_prob": 0.0,
        "n_recovered": 0,
        "n_injected": 3
      },
      {
        "radius_earth": 1.5,
        "period_days": 1.0,
        "depth_ppm": 188.78759999999994,
        "detection_prob": 0.0,
        "n_recovered": 0,
        "n_injected": 3
      },
      {
        "radius_earth": 1.5,
        "period_days": 2.0,
        "depth_ppm": 188.78759999999994,
        "detection_prob": 0.0,
        "n_recovered": 0,
        "n_injected": 3
      },
      {
        "radius_earth": 1.5,
        "period_days": 5.0,
        "depth_ppm": 188.78759999999994,
        "detection_prob": 0.0,
        "n_recovered": 0,
        "n_injected": 3
      },
      {
        "radius_earth": 1.5,
        "period_days": 10.0,
        "depth_ppm": 188.78759999999994,
        "detection_prob": 0.0,
        "n_recovered": 0,
        "n_injected": 3
      },
      {
        "radius_earth": 1.5,
        "period_days": 20.0,
        "depth_ppm": 188.78759999999994,
        "detection_prob": 0.0,
        "n_recovered": 0,
        "n_injected": 3
      },
      {
        "radius_earth": 1.5,
        "period_days": 30.0,
        "depth_ppm": 188.78759999999994,
        "detection_prob": 0.0,
        "n_recovered": 0,
        "n_injected": 3
      },
      {
        "radius_earth": 1.5,
        "period_days": 40.0,
        "depth_ppm": 188.78759999999994,
        "detection_prob": 0.0,
        "n_recovered": 0,
        "n_injected": 3
      },
      {
        "radius_earth": 2.0,
        "period_days": 0.5,
        "depth_ppm": 335.62239999999997,
        "detection_prob": 0.0,
        "n_recovered": 0,
        "n_injected": 3
      },
      {
        "radius_earth": 2.0,
        "period_days": 1.0,
        "depth_ppm": 335.62239999999997,
        "detection_prob": 0.0,
        "n_recovered": 0,
        "n_injected": 3
      },
      {
        "radius_earth": 2.0,
        "period_days": 2.0,
        "depth_ppm": 335.62239999999997,
        "detection_prob": 0.0,
        "n_recovered": 0,
        "n_injected": 3
      },
      {
        "radius_earth": 2.0,
        "period_days": 5.0,
        "depth_ppm": 335.62239999999997,
        "detection_prob": 0.0,
        "n_recovered": 0,
        "n_injected": 3
      },
      {
        "radius_earth": 2.0,
        "period_days": 10.0,
        "depth_ppm": 335.62239999999997,
        "detection_prob": 0.0,
        "n_recovered": 0,
        "n_injected": 3
      },
      {
        "radius_earth": 2.0,
        "period_days": 20.0,
        "depth_ppm": 335.62239999999997,
        "detection_prob": 0.0,
        "n_recovered": 0,
        "n_injected": 3
      },
      {
        "radius_earth": 2.0,