{
  "tic_id": "464296022",
  "analyzed_at": "2026-04-11T16:33:28.274916",
  "contributor": "marc",
  "exonit_version": "0.1.0",
  "n_candidates": 3,
  "candidates": [
    {
      "candidate_num": 1,
      "period_days": 1.5989,
      "t0": 2282.1676,
      "duration_days": 0.2398,
      "depth_ppm": 6013.0,
      "snr": 15.9,
      "bls_power": 0.2455,
      "n_transits_expected": 934
    },
    {
      "candidate_num": 2,
      "period_days": 1.5989,
      "t0": 2282.4074,
      "duration_days": 0.2398,
      "depth_ppm": 5895.1,
      "snr": 25.8,
      "bls_power": 0.2362,
      "n_transits_expected": 934
    },
    {
      "candidate_num": 3,
      "period_days": 1.5989,
      "t0": 2282.5514,
      "duration_days": 0.2398,
      "depth_ppm": 3571.5,
      "snr": 15.0,
      "bls_power": 0.0868,
      "n_transits_expected": 934
    }
  ],
  "completeness": {
    "radius_grid": [
      0.5,
      1.0,
      1.5,
      2.0,
      3.0,
      4.0,
      6.0,
      8.0,
      10.0
    ],
    "period_grid": [
      0.5,
      1.0,
      2.0,
      5.0,
      10.0,
      20.0,
      30.0,
      40.0
    ],
    "completeness_map": [
      [
        0.0,
        0.0,
        0.0,
        0.0,
        0.0,
        0.0,
        0.0,
        0.0
      ],
      [
        0.0,
        0.0,
        0.0,
        0.0,
        0.0,
        0.0,
        0.0,
        0.0
      ],
      [
        0.0,
        0.0,
        0.0,
        0.0,
        0.0,
        0.0,
        0.0,
        0.0
      ],
      [
        0.0,
        0.0,
        0.0,
        0.0,
        0.0,
        0.0,
        0.0,
        0.0
      ],
      [
        0.0,
        0.0,
        0.0,
        0.0,
        0.0,
        0.0,
        0.0,
        0.0
      ],
      [
        0.0,
        0.0,
        0.0,
        0.0,
        0.0,
        0.0,
        0.0,
        0.0
      ],
      [
        0.0,
        0.0,
        0.0,
        0.0,
        0.0,
        0.0,
        0.0,
        0.0
      ],
      [
        0.0,
        0.0,
        0.0,
        0.0,
        0.0,
        0.0,
        0.0,
        0.0
      ],
      [
        0.0,
        0.0,
        0.6666666666666666,
        1.0,
        0.0,
        0.0,
        0.0,
        0.0
      ]
    ],
    "details": [
      {
        "radius_earth": 0.5,
        "period_days": 0.5,
        "depth_ppm": 20.976399999999998,
        "detection_prob": 0.0,
        "n_recovered": 0,
        "n_injected": 3
      },
      {
        "radius_earth": 0.5,
        "period_days": 1.0,
        "depth_ppm": 20.976399999999998,
        "detection_prob": 0.0,
        "n_recovered": 0,
        "n_injected": 3
      },
      {
        "radius_earth": 0.5,
        "period_days": 2.0,
        "depth_ppm": 20.976399999999998,
        "detection_prob": 0.0,
        "n_recovered": 0,
        "n_injected": 3
      },
      {
        "radius_earth": 0.5,
        "period_days": 5.0,
        "depth_ppm": 20.976399999999998,
        "detection_prob": 0.0,
        "n_recovered": 0,
        "n_injected": 3
      },
      {
        "radius_earth": 0.5,
        "period_days": 10.0,
        "depth_ppm": 20.976399999999998,
        "detection_prob": 0.0,
        "n_recovered": 0,
        "n_injected": 3
      },
      {
        "radius_earth": 0.5,
        "period_days": 20.0,
        "depth_ppm": 20.976399999999998,
        "detection_prob": 0.0,
        "n_recovered": 0,
        "n_injected": 3
      },
      {
        "radius_earth": 0.5,
        "period_days": 30.0,
        "depth_ppm": 20.976399999999998,
        "detection_prob": 0.0,
        "n_recovered": 0,
        "n_injected": 3
      },
      {
        "radius_earth": 0.5,
        "period_days": 40.0,
        "depth_ppm": 20.976399999999998,
        "detection_prob": 0.0,
        "n_recovered": 0,
        "n_injected": 3
      },
      {
        "radius_earth": 1.0,
        "period_days": 0.5,
        "depth_ppm": 83.90559999999999,
        "detection_prob": 0.0,
        "n_recovered": 0,
        "n_injected": 3
      },
      {
        "radius_earth": 1.0,
        "period_days": 1.0,
        "depth_ppm": 83.90559999999999,
        "detection_prob": 0.0,
        "n_recovered": 0,
        "n_injected": 3
      },
      {
        "radius_earth": 1.0,
        "period_days": 2.0,
        "depth_ppm": 83.90559999999999,
        "detection_prob": 0.0,
        "n_recovered": 0,
        "n_injected": 3
      },
      {
        "radius_earth": 1.0,
        "period_days": 5.0,
        "depth_ppm": 83.90559999999999,
        "detection_prob": 0.0,
        "n_recovered": 0,
        "n_injected": 3
      },
      {
        "radius_earth": 1.0,
        "period_days": 10.0,
        "depth_ppm": 83.90559999999999,
        "detection_prob": 0.0,
        "n_recovered": 0,
        "n_injected": 3
      },
      {
        "radius_earth": 1.0,
        "period_days": 20.0,
        "depth_ppm": 83.90559999999999,
        "detection_prob": 0.0,
        "n_recovered": 0,
        "n_injected": 3
      },
      {
        "radius_earth": 1.0,
        "period_days": 30.0,
        "depth_ppm": 83.90559999999999,
        "detection_prob": 0.0,
        "n_recovered": 0,
        "n_injected": 3
      },
      {
        "radius_earth": 1.0,
        "period_days": 40.0,
        "depth_ppm": 83.90559999999999,
        "detection_prob": 0.0,
        "n_recovered": 0,
        "n_injected": 3
      },
      {
        "radius_earth": 1.5,
        "period_days": 0.5,
        "depth_ppm": 188.78759999999994,
        "detection_prob": 0.0,
        "n_recovered": 0,
        "n_injected": 3
      },
      {
        "radius_earth": 1.5,
        "period_days": 1.0,
        "depth_ppm": 188.78759999999994,
        "detection_prob": 0.0,
        "n_recovered": 0,
        "n_injected": 3
      },
      {
        "radius_earth": 1.5,
        "period_days": 2.0,
        "depth_ppm": 188.78759999999994,
        "detection_prob": 0.0,
        "n_recovered": 0,
        "n_injected": 3
      },
      {
        "radius_earth": 1.5,
        "period_days": 5.0,
        "depth_ppm": 188.78759999999994,
        "detection_prob": 0.0,
        "n_recovered": 0,
        "n_injected": 3
      },
      {
        "radius_earth": 1.5,
        "period_days": 10.0,
        "depth_ppm": 188.78759999999994,
        "detection_prob": 0.0,
        "n_recovered": 0,
        "n_injected": 3
      },
      {
        "radius_earth": 1.5,
        "period_days": 20.0,
        "depth_ppm": 188.78759999999994,
        "detection_prob": 0.0,
        "n_recovered": 0,
        "n_injected": 3
      },
      {
        "radius_earth": 1.5,
        "period_days": 30.0,
        "depth_ppm": 188.78759999999994,
        "detection_prob": 0.0,
        "n_recovered": 0,
        "n_injected": 3
      },
      {
        "radius_earth": 1.5,
        "period_days": 40.0,
        "depth_ppm": 188.78759999999994,
        "detection_prob": 0.0,
        "n_recovered": 0,
        "n_injected": 3
      },
      {
        "radius_earth": 2.0,
        "period_days": 0.5,
        "depth_ppm": 335.62239999999997,
        "detection_prob": 0.0,
        "n_recovered": 0,
        "n_injected": 3
      },
      {
        "radius_earth": 2.0,
        "period_days": 1.0,
        "depth_ppm": 335.62239999999997,
        "detection_prob": 0.0,
        "n_recovered": 0,
        "n_injected": 3
      },
      {
        "radius_earth": 2.0,
        "period_days": 2.0,
        "depth_ppm": 335.62239999999997,
        "detection_prob": 0.0,
        "n_recovered": 0,
        "n_injected": 3
      },
      {
        "radius_earth": 2.0,
        "period_days": 5.0,
        "depth_ppm": 335.62239999999997,
        "detection_prob": 0.0,
        "n_recovered": 0,
        "n_injected": 3
      },
      {
        "radius_earth": 2.0,
        "period_days": 10.0,
        "depth_ppm": 335.62239999999997,
        "detection_prob": 0.0,
        "n_recovered": 0,
        "n_injected": 3
      },
      {
        "radius_earth": 2.0,