{
  "tic_id": "455737331",
  "analyzed_at": "2026-04-11T11:30:43.991221",
  "contributor": "marc",
  "exonit_version": "0.1.0",
  "n_candidates": 1,
  "candidates": [
    {
      "candidate_num": 1,
      "period_days": 26.9147,
      "t0": 1780.5689,
      "duration_days": 0.2691,
      "depth_ppm": 540.1,
      "snr": 9.1,
      "bls_power": 0.0001,
      "n_transits_expected": 68
    }
  ],
  "completeness": {
    "radius_grid": [
      0.5,
      1.0,
      1.5,
      2.0,
      3.0,
      4.0,
      6.0,
      8.0,
      10.0
    ],
    "period_grid": [
      0.5,
      1.0,
      2.0,
      5.0,
      10.0,
      20.0,
      30.0,
      40.0
    ],
    "completeness_map": [
      [
        0.0,
        0.0,
        0.0,
        0.0,
        0.0,
        0.0,
        0.0,
        0.0
      ],
      [
        0.6666666666666666,
        0.0,
        0.0,
        0.0,
        0.0,
        0.0,
        0.0,
        0.0
      ],
      [
        1.0,
        0.3333333333333333,
        0.0,
        0.0,
        0.0,
        0.0,
        0.0,
        0.0
      ],
      [
        1.0,
        0.0,
        0.0,
        0.0,
        0.0,
        0.0,
        0.0,
        0.0
      ],
      [
        1.0,
        0.6666666666666666,
        1.0,
        0.3333333333333333,
        0.3333333333333333,
        0.0,
        0.0,
        0.0
      ],
      [
        1.0,
        1.0,
        1.0,
        1.0,
        0.6666666666666666,
        0.0,
        0.0,
        0.0
      ],
      [
        0.0,
        0.0,
        1.0,
        1.0,
        1.0,
        0.6666666666666666,
        0.0,
        0.0
      ],
      [
        0.0,
        0.6666666666666666,
        1.0,
        1.0,
        1.0,
        1.0,
        0.0,
        0.0
      ],
      [
        0.0,
        1.0,
        1.0,
        1.0,
        1.0,
        1.0,
        0.6666666666666666,
        0.0
      ]
    ],
    "details": [
      {
        "radius_earth": 0.5,
        "period_days": 0.5,
        "depth_ppm": 20.976399999999998,
        "detection_prob": 0.0,
        "n_recovered": 0,
        "n_injected": 3
      },
      {
        "radius_earth": 0.5,
        "period_days": 1.0,
        "depth_ppm": 20.976399999999998,
        "detection_prob": 0.0,
        "n_recovered": 0,
        "n_injected": 3
      },
      {
        "radius_earth": 0.5,
        "period_days": 2.0,
        "depth_ppm": 20.976399999999998,
        "detection_prob": 0.0,
        "n_recovered": 0,
        "n_injected": 3
      },
      {
        "radius_earth": 0.5,
        "period_days": 5.0,
        "depth_ppm": 20.976399999999998,
        "detection_prob": 0.0,
        "n_recovered": 0,
        "n_injected": 3
      },
      {
        "radius_earth": 0.5,
        "period_days": 10.0,
        "depth_ppm": 20.976399999999998,
        "detection_prob": 0.0,
        "n_recovered": 0,
        "n_injected": 3
      },
      {
        "radius_earth": 0.5,
        "period_days": 20.0,
        "depth_ppm": 20.976399999999998,
        "detection_prob": 0.0,
        "n_recovered": 0,
        "n_injected": 3
      },
      {
        "radius_earth": 0.5,
        "period_days": 30.0,
        "depth_ppm": 20.976399999999998,
        "detection_prob": 0.0,
        "n_recovered": 0,
        "n_injected": 3
      },
      {
        "radius_earth": 0.5,
        "period_days": 40.0,
        "depth_ppm": 20.976399999999998,
        "detection_prob": 0.0,
        "n_recovered": 0,
        "n_injected": 3
      },
      {
        "radius_earth": 1.0,
        "period_days": 0.5,
        "depth_ppm": 83.90559999999999,
        "detection_prob": 0.6666666666666666,
        "n_recovered": 2,
        "n_injected": 3
      },
      {
        "radius_earth": 1.0,
        "period_days": 1.0,
        "depth_ppm": 83.90559999999999,
        "detection_prob": 0.0,
        "n_recovered": 0,
        "n_injected": 3
      },
      {
        "radius_earth": 1.0,
        "period_days": 2.0,
        "depth_ppm": 83.90559999999999,
        "detection_prob": 0.0,
        "n_recovered": 0,
        "n_injected": 3
      },
      {
        "radius_earth": 1.0,
        "period_days": 5.0,
        "depth_ppm": 83.90559999999999,
        "detection_prob": 0.0,
        "n_recovered": 0,
        "n_injected": 3
      },
      {
        "radius_earth": 1.0,
        "period_days": 10.0,
        "depth_ppm": 83.90559999999999,
        "detection_prob": 0.0,
        "n_recovered": 0,
        "n_injected": 3
      },
      {
        "radius_earth": 1.0,
        "period_days": 20.0,
        "depth_ppm": 83.90559999999999,
        "detection_prob": 0.0,
        "n_recovered": 0,
        "n_injected": 3
      },
      {
        "radius_earth": 1.0,
        "period_days": 30.0,
        "depth_ppm": 83.90559999999999,
        "detection_prob": 0.0,
        "n_recovered": 0,
        "n_injected": 3
      },
      {
        "radius_earth": 1.0,
        "period_days": 40.0,
        "depth_ppm": 83.90559999999999,
        "detection_prob": 0.0,
        "n_recovered": 0,
        "n_injected": 3
      },
      {
        "radius_earth": 1.5,
        "period_days": 0.5,
        "depth_ppm": 188.78759999999994,
        "detection_prob": 1.0,
        "n_recovered": 3,
        "n_injected": 3
      },
      {
        "radius_earth": 1.5,
        "period_days": 1.0,
        "depth_ppm": 188.78759999999994,
        "detection_prob": 0.3333333333333333,
        "n_recovered": 1,
        "n_injected": 3
      },
      {
        "radius_earth": 1.5,
        "period_days": 2.0,
        "depth_ppm": 188.78759999999994,
        "detection_prob": 0.0,
        "n_recovered": 0,
        "n_injected": 3
      },
      {
        "radius_earth": 1.5,
        "period_days": 5.0,
        "depth_ppm": 188.78759999999994,
        "detection_prob": 0.0,
        "n_recovered": 0,
        "n_injected": 3
      },
      {
        "radius_earth": 1.5,
        "period_days": 10.0,
        "depth_ppm": 188.78759999999994,
        "detection_prob": 0.0,
        "n_recovered": 0,
        "n_injected": 3
      },
      {
        "radius_earth": 1.5,
        "period_days": 20.0,
        "depth_ppm": 188.78759999999994,
        "detection_prob": 0.0,
        "n_recovered": 0,
        "n_injected": 3
      },
      {
        "radius_earth": 1.5,
        "period_days": 30.0,
        "depth_ppm": 188.78759999999994,
        "detection_prob": 0.0,
        "n_recovered": 0,
        "n_injected": 3
      },
      {
        "radius_earth": 1.5,
        "period_days": 40.0,
        "depth_ppm": 188.78759999999994,
        "detection_prob": 0.0,
        "n_recovered": 0,
        "n_injected": 3
      },
      {
        "radius_earth": 2.0,
        "period_days": 0.5,
        "depth_ppm": 335.62239999999997,
        "detection_prob": 1.0,
        "n_recovered": 3,
        "n_injected": 3
      },
      {
        "radius_earth": 2.0,
        "period_days": 1.0,
        "depth_ppm": 335.62239999999997,
        "detection_prob": 0.0,
        "n_recovered": 0,
        "n_injected": 3
      },
      {
        "radius_earth": 2.0,
        "period_days": 2.0,
        "depth_ppm": 335.62239999999997,
        "detection_prob": 0.0,
        "n_recovered": 0,
        "n_injected": 3
      },
      {
        "radius_earth": 2.0,
        "period_days": 5.0,
        "depth_ppm": 335.62239999999997,
        "detection_prob": 0.0,
        "n_recovered": 0,
        "n_injected": 3
      },
      {
        "radius_earth": 2.0,
        "period_days": 10.0,
        "depth_ppm": 335.62239999999997,
        "detection_prob": 0.0,
        "n_recovered": 0,
        "n_injected": 3
      },
      {
        "radius_earth": 2.0,
        "period_days": 20.0,
        "depth_ppm": 335.62239999999997,
        "detection_prob": 0.0,
        "n_recovered": 0,
        "n_injected": 3
      },
      {
        "radius_earth": 2.0,
        "period_days": 30.0,
        "depth_ppm": 335.62239999999997,
        "detection_prob": 0.0,